PTS,FGM,FGA,FG%,3PM,3PA,3P%,2PM,2PA,2P%,FTM,FTA,FT%,RO,RD,RT,AST,PR,PP,ST,FF,FS
69.0,24.0,71.0,33.80281690140845,5.0,17.0,29.411764705882355,19.0,54.0,35.18518518518518,16.0,22.0,72.72727272727273,12.0,27.0,39.0,15.0,6.0,13.0,0.0,31.0,21.0
69.0,28.0,57.0,49.122807017543856,5.0,7.0,71.42857142857143,23.0,50.0,46.0,8.0,13.0,61.53846153846154,10.0,28.0,38.0,18.0,7.0,13.0,2.0,12.0,13.0
61.0,23.0,57.0,40.35087719298245,2.0,5.0,40.0,21.0,52.0,40.38461538461539,13.0,19.0,68.42105263157895,3.0,29.0,32.0,19.0,6.0,11.0,4.0,14.0,18.0
52.0,19.0,60.0,31.666666666666664,1.0,11.0,9.090909090909092,18.0,49.0,36.734693877551024,13.0,18.0,72.22222222222221,5.0,28.0,33.0,10.0,11.0,21.0,6.0,16.0,17.0
53.0,22.0,66.0,33.33333333333333,1.0,17.0,5.88235294117647,21.0,49.0,42.857142857142854,8.0,16.0,50.0,11.0,27.0,38.0,12.0,9.0,14.0,1.0,22.0,20.0
74.0,30.0,83.0,36.144578313253014,4.0,16.0,25.0,26.0,67.0,38.80597014925373,10.0,17.0,58.82352941176471,14.0,42.0,56.0,19.0,11.0,10.0,3.0,18.0,16.0
52.0,20.0,69.0,28.985507246376812,6.0,25.0,24.0,14.0,44.0,31.818181818181817,6.0,16.0,37.5,13.0,29.0,42.0,17.0,10.0,15.0,1.0,19.0,16.0
